{
  "random_forest": {
    "mse": 9.843494533204277e-06,
    "rmse": 0.003137434387075573,
    "r2_score": 0.999278632005662
  },
  "sklearn_mlp_fallback": {
    "mse": 0.001148613564955021,
    "rmse": 0.03389120188124082,
    "r2_score": 0.9158253137820038
  }
}