{
  "linear_regression": {
    "mse": 1.71451625528624,
    "rmse": 1.309395377755031,
    "mae": 1.0032718769287947,
    "r2_score": 0.05524381363228803
  },
  "decision_tree": {
    "mse": 1.4667984590593717,
    "rmse": 1.21111455241004,
    "mae": 0.9022454475879784,
    "r2_score": 0.19174466029217474
  },
  "random_forest": {
    "mse": 1.3702111258525813,
    "rmse": 1.1705601760920201,
    "mae": 0.8757685185854007,
    "r2_score": 0.24496753309406627
  },
  "neural_network": {
    "mse": 1.4414770014767326,
    "rmse": 1.2006152595551718,
    "mae": 0.9044739628580951,
    "r2_score": 0.20569763602237678
  }
}