{
  "kmeans": {
    "n_clusters": 7,
    "silhouette_score": 0.2839288647147047,
    "davies_bouldin_index": 0.87506618052179,
    "calinski_harabasz_index": 1988.7147605949397
  },
  "hierarchical": {
    "n_clusters": 5,
    "silhouette_score": 0.2453496534707916,
    "davies_bouldin_index": 0.9762233597731539,
    "calinski_harabasz_index": 1671.227549489237
  },
  "dbscan": {
    "n_clusters": 1,
    "n_noise_points": 37
  }
}